{"cameraMode":{"drawMode":0,"name":"Shaded","section":"Shading Mode"},"sceneLighting":false,"audioPlay":false,"sceneViewState":{"m_AlwaysRefresh":false,"showFog":true,"showSkybox":false,"showFlares":true,"showImageEffects":true,"showParticleSystems":true,"showVisualEffectGraphs":true,"m_FxEnabled":true},"in2DMode":false,"pivot":{"x":0.18133270740509034,"y":0.16881483793258668,"z":1.3586409091949463},"rotation":{"x":-0.04178926721215248,"y":0.8896825313568115,"z":-0.08328104764223099,"w":-0.4470687210559845},"size":0.3213786482810974,"orthographic":false}