{"cameraMode":{"drawMode":0,"name":"Shaded","section":"Shading Mode"},"sceneLighting":false,"audioPlay":false,"sceneViewState":{"m_AlwaysRefresh":false,"showFog":true,"showSkybox":false,"showFlares":true,"showImageEffects":true,"showParticleSystems":true,"showVisualEffectGraphs":true,"m_FxEnabled":true},"in2DMode":false,"pivot":{"x":-14.487116813659668,"y":7.982717037200928,"z":1.955289363861084},"rotation":{"x":-0.11688415706157685,"y":-0.7584977746009827,"z":0.14179539680480958,"w":-0.6252405047416687},"size":0.0005173205281607807,"orthographic":false}