{"cameraMode":{"drawMode":0,"name":"Shaded","section":"Shading Mode"},"sceneLighting":false,"audioPlay":false,"sceneViewState":{"m_AlwaysRefresh":false,"showFog":true,"showSkybox":false,"showFlares":true,"showImageEffects":true,"showParticleSystems":true,"showVisualEffectGraphs":true,"m_FxEnabled":true},"in2DMode":false,"pivot":{"x":0.27765989303588869,"y":1.6107321977615357,"z":-0.19925880432128907},"rotation":{"x":-0.009964961558580399,"y":-0.8388440608978272,"z":0.015359039418399334,"w":-0.544076144695282},"size":2.4595119953155519,"orthographic":false}