{"cameraMode":{"drawMode":0,"name":"Shaded","section":"Shading Mode"},"sceneLighting":false,"audioPlay":false,"sceneViewState":{"m_AlwaysRefresh":false,"showFog":true,"showSkybox":false,"showFlares":true,"showImageEffects":true,"showParticleSystems":true,"showVisualEffectGraphs":true,"m_FxEnabled":true},"in2DMode":false,"pivot":{"x":0.13843059539794923,"y":1.3800859451293946,"z":0.11250770092010498},"rotation":{"x":0.04870666190981865,"y":-0.8463212251663208,"z":-0.07871153950691223,"w":-0.5246701836585999},"size":1.4801239967346192,"orthographic":false}