{"cameraMode":{"drawMode":0,"name":"Shaded","section":"Shading Mode"},"sceneLighting":false,"audioPlay":false,"sceneViewState":{"m_AlwaysRefresh":false,"showFog":true,"showSkybox":false,"showFlares":true,"showImageEffects":true,"showParticleSystems":true,"showVisualEffectGraphs":true,"m_FxEnabled":true},"in2DMode":false,"pivot":{"x":-0.27393507957458498,"y":2.372213840484619,"z":-0.11024177074432373},"rotation":{"x":-0.10196107625961304,"y":-0.8204320073127747,"z":0.15464739501476289,"w":-0.5409185886383057},"size":3.1280343532562258,"orthographic":false}